Time,Horizon_1,Horizon_2,Horizon_3,Horizon_4,Horizon_5,Horizon_6,Horizon_7,Horizon_8,Horizon_9,Horizon_10,Horizon_11,Horizon_12
2023-06-01T00:00:00,0.5098240551606341,0.5016336898487254,0.49087448652505755,0.5012977329387781,0.5054782343738333,0.4988574495858411,0.4947490798879859,0.48349183968011517,0.50087209462152,0.5166764616400263,0.5000635683485951,0.5000437588168155
2023-06-01T00:05:00,0.5026320359073299,0.49912922773685475,0.5085434662632745,0.5072858041520505,0.5048834590412106,0.49068530377078373,0.5001361939986875,0.48631842151944465,0.5056945136394668,0.5015892334833988,0.48379285607736966,0.506577090110634
2023-06-01T00:10:00,0.5029324134600232,0.5046349758874039,0.4910136367267588,0.4948913017240554,0.49160497412599347,0.4969114384451653,0.4860344921859288,0.514986895095125,0.49951447146336436,0.49893255190358177,0.4944353991678886,0.4980041050796106
2023-06-01T00:15:00,0.499147702688199,0.4881533711007576,0.49914005251270566,0.48971150590624635,0.4899066645069618,0.4898678563794467,0.5020570642346263,0.49854918040851,0.48855870715516503,0.506768114530926,0.508262767434858,0.500679098440855
2023-06-01T00:20:00,0.495491865983482,0.4953085832427308,0.4946916739743031,0.48298524679835503,0.484718242892498,0.509880989772902,0.4950921397587624,0.4816528989714739,0.5106068353750625,0.5001476261753334,0.5024327479232692,0.5143996653198897
2023-06-01T00:25:00,0.4971161837990972,0.5018958261826566,0.4983509080831196,0.4883630571112042,0.4974329067977986,0.5060424902173124,0.4843148737297414,0.49985068908775326,0.49086481464855725,0.5009791463077939,0.511549999164615,0.5041183276273393
2023-06-01T00:30:00,0.5023525204004402,0.49169630046176904,0.4981121456361568,0.5127220645615334,0.4940937843582886,0.49582192543021253,0.5006460526531328,0.508898991208392,0.48893011772292666,0.502085840435378,0.5160556777038099,0.4923615675178359
2023-06-01T00:35:00,0.49987485757041145,0.48352141393434767,0.5110225000518585,0.4935190478002833,0.4824525627655508,0.5089854709063928,0.49266484109623454,0.4968338399359035,0.5108742055510428,0.5047826547922358,0.4933005180049198,0.508055778097337
2023-06-01T00:40:00,0.4923325641243272,0.5036849576600185,0.49585984787045406,0.5000275487111804,0.4968291800644488,0.5067792705550213,0.4904931986211724,0.5143092004313851,0.5049013984776355,0.4857030344568901,0.5096133712221471,0.49833316386414145
2023-06-01T00:45:00,0.5033208897587188,0.5059292678336917,0.49451722743703086,0.507507043874481,0.5028428613106708,0.4892156504487846,0.5078587937113179,0.5145721802782487,0.48364855792834466,0.5044188046750536,0.48957743412776367,0.503525756101224
2023-06-01T00:50:00,0.5032126306581286,0.49411842691740726,0.5044433716835871,0.5011581042527592,0.49610831969731684,0.5092384194467707,0.5136748730040482,0.4842076834138398,0.49315943897607817,0.49867226274336535,0.508995738069386,0.5088908330315055
2023-06-01T00:55:00,0.4993088491213376,0.5062610230312898,0.49105730736572717,0.49564763079282653,0.5064477823456556,0.5047173249483301,0.4891037316634328,0.5093190756062735,0.48670349968301246,0.5084776327254014,0.505822667003095,0.4976782595385088
2023-06-01T01:00:00,0.4955774666084471,0.5055113747837207,0.5042164767963145,0.506561090353594,0.5180885208177903,0.4924708354956613,0.4984815249912145,0.5013838004995252,0.5086586657632336,0.49791574814156186,0.5028675278048611,0.4976160642676215
2023-06-01T01:05:00,0.49039099922603785,0.48593757437657165,0.512295797081561,0.5103756020424872,0.49054978276185757,0.49223541537858795,0.4964647645406375,0.49870242925820774,0.493259503324634,0.49359880494735603,0.497063746646441,0.5054378104789643
2023-06-01T01:10:00,0.4896905703625925,0.508296538151181,0.5000112875242566,0.48424057912741786,0.4904936140886909,0.4861931700640683,0.5073782814890655,0.5020251622106191,0.4861545542499459,0.5088468872657346,0.5164771331154556,0.49763045656010646
2023-06-01T01:15:00,0.4949518467229408,0.501228244068328,0.49093934352532,0.4928359508881592,0.49739597945580877,0.4983156210504477,0.4947402204904313,0.49001395105612916,0.5045514079150538,0.5081198397277614,0.5023766346012973,0.5141151934814734
2023-06-01T01:20:00,0.5044613670541467,0.49440875566305037,0.4986984752344995,0.4875677459581375,0.5169988713211353,0.5004882569719643,0.49590399641351535,0.5099008370781307,0.5168065798809104,0.5026163457104198,0.49865976985166016,0.5092743799914428
2023-06-01T01:25:00,0.48478531775676964,0.48986123188095543,0.4943742583280417,0.4982340545286131,0.49733586123766094,0.5007046450925717,0.5066780052934542,0.5166315798243336,0.48646493496330456,0.5062689843336666,0.49149238165664444,0.5006419243202317
2023-06-01T01:30:00,0.5029218595352304,0.5042628442511046,0.5122857742693099,0.4914120283566651,0.48537639941125943,0.49080612812522867,0.5031676061471037,0.49786834940609764,0.5094800341706823,0.5081403353082904,0.48788727912117946,0.48400067141406866
2023-06-01T01:35:00,0.49038995516249245,0.5065713547505623,0.4924450601905117,0.5030758898235367,0.5046322803240958,0.5119483481926295,0.5000116120044971,0.5046945781643305,0.5107419462997035,0.4845291146203932,0.4852154505761469,0.5096657534457112
2023-06-01T01:40:00,0.5147035976362311,0.4902305286634797,0.5018398627483731,0.4936314748796982,0.5144710990041657,0.49277424643371653,0.5045660186082525,0.5094105783259079,0.49401574198099624,0.5008445060817543,0.5111814216894541,0.48957418033582734
2023-06-01T01:45:00,0.4970804212798259,0.48645886843204295,0.5013342212564722,0.5105168548686372,0.4953939382632358,0.5149231298616243,0.4925645303248751,0.4986417749015466,0.4840363396113675,0.5102994767583694,0.49048732806977685,0.5001242064017669
2023-06-01T01:50:00,0.49285079157665146,0.4917526201056226,0.5123928736475738,0.4912079658488702,0.5016006683074523,0.5050456571882962,0.49100279756741444,0.49925105059328184,0.49801371557229807,0.49970041069033483,0.49742712823248586,0.5065732134322807
2023-06-01T01:55:00,0.5094544685043745,0.5165527905429524,0.4891749563830488,0.5041890972257779,0.50671045858455,0.4820890073672297,0.5006730092715508,0.502309328673618,0.49747014550280155,0.5042628636034187,0.5059738877306086,0.5041383259482367
2023-06-01T02:00:00,0.5146346720146637,0.4830316146919779,0.5129603622209866,0.4921127823696435,0.49394808907551013,0.4914826526557087,0.5033848473091441,0.49784324331876595,0.49904040950335815,0.5000108756423587,0.5014157908170319,0.49857568823167914
2023-06-01T02:05:00,0.4935562871755628,0.5138660730655944,0.5103350216179962,0.49708310066217254,0.4889640910342699,0.5068984276577403,0.4983435136900177,0.4896501470852237,0.4934970927259243,0.4990400747881826,0.492859937907879,0.4987725683901484
2023-06-01T02:10:00,0.5130122634744522,0.4943580806909223,0.48311268021587667,0.49271779821475037,0.5123852669466424,0.49187856729008383,0.5002412172472261,0.492653630454269,0.49129872999441143,0.4952604685658578,0.4985381518032179,0.48829769133982415
2023-06-01T02:15:00,0.49249610078966155,0.49531013423074643,0.4869417126342511,0.5119706300821122,0.4977378322210528,0.5044677519195433,0.49460095401596205,0.4966767095212676,0.5011861280124523,0.4886007552165066,0.5030865366734422,0.49946448248513325
2023-06-01T02:20:00,0.4988629880431566,0.49113101025676575,0.507272048257638,0.4988431528311686,0.49997150417120284,0.5091855806471929,0.4985241075814402,0.4962695267305923,0.49909600864374726,0.4980001417691312,0.4944063852885397,0.4995207732022328
2023-06-01T02:25:00,0.48942261762956757,0.5118852479746756,0.501235925175872,0.4976349700778628,0.5094136834676081,0.49212079359549665,0.49154337163037254,0.48841843259499534,0.49507715505963323,0.49918726608290276,0.49452721600151806,0.5119746956979236
2023-06-01T02:30:00,0.5099751293815199,0.4960152674601182,0.4984444376632388,0.5071146570045441,0.4973766963470489,0.5024983011319001,0.4828989796116173,0.5015927827836361,0.4949679164655784,0.4932923793020733,0.516209861183111,0.50398851059186
2023-06-01T02:35:00,0.4924352931398237,0.4904666379710804,0.49827765403135593,0.48816570911355417,0.5017172046786365,0.5005112095042753,0.5031925584508621,0.4818482450138482,0.49399994474782377,0.5016365957719454,0.4853942693815143,0.4951194417410714
2023-06-01T02:40:00,0.49813522208911254,0.5086713897907518,0.49597028601322973,0.4943722613390068,0.49637502850845466,0.49297657296498537,0.49969341425070035,0.5055155935640588,0.5003551820225057,0.49287045984227035,0.4847647568494433,0.49277890094073096
2023-06-01T02:45:00,0.494451920523101,0.4885416331532069,0.48982482818065665,0.49573266864906745,0.49182847048915407,0.49975813313992135,0.49959225140715,0.5123540517093188,0.48674982238143616,0.4932896287290874,0.5012479670401939,0.5017674509512172
2023-06-01T02:50:00,0.5065660814089676,0.5028929910630842,0.48972244459666303,0.4951179645612686,0.4936918614137932,0.5052844168117681,0.5138719532555184,0.49486385187786536,0.4865132732506069,0.5075401089577937,0.4917443218190579,0.5119415296788399
2023-06-01T02:55:00,0.5005838639926721,0.4884859505472798,0.49341939253607714,0.49373509776065294,0.5055133974403025,0.5170488069426732,0.49916700108855255,0.4840359914243901,0.494151999146437,0.49319840638458345,0.516419237248752,0.48774398702309113
2023-06-01T03:00:00,0.49458056161373504,0.5017380993659476,0.49007679537658333,0.4939866852377442,0.5050492234293293,0.4993087735621463,0.48240548534650374,0.4926903980538327,0.49903564424515306,0.5009959370035753,0.4973234171841852,0.5002936238489987
2023-06-01T03:05:00,0.49020167488063215,0.49698879981549876,0.5065135483849559,0.5010607822288156,0.48777533687233254,0.4836490106825745,0.5068190322429887,0.5042517783888347,0.5031897461629304,0.4832547215966033,0.49601489220699463,0.49727129056502783
2023-06-01T03:10:00,0.49572341869572056,0.5072766877948229,0.5120398014878311,0.4853304605230308,0.48692337444599165,0.49184948377342874,0.5091012614276629,0.509959448635665,0.4879474013271051,0.5002067306395223,0.500368715670608,0.5051169533772143
2023-06-01T03:15:00,0.49318886765239334,0.5143968688407223,0.48990161302341373,0.497293065613099,0.4922122652162333,0.49661104975548437,0.5115039976096167,0.4937530835812857,0.49771880503228966,0.5036713414292467,0.5168009139433175,0.5091144060402728
2023-06-01T03:20:00,0.5075418497646166,0.4950094838684634,0.49524978738332726,0.5029286668722167,0.5012078070352045,0.49720409842168306,0.49944859869349706,0.5043591616174681,0.4871303080370082,0.5040024548011485,0.5077346458444313,0.4889642978978939
2023-06-01T03:25:00,0.4983190387403951,0.49346828186918557,0.49051396249890655,0.49718935663780084,0.4980261336574447,0.5000291787807313,0.4925862424681523,0.49644303099487724,0.5071472395320027,0.495900538988041,0.4971841867241435,0.517052047853316
2023-06-01T03:30:00,0.4910946291769273,0.5039789565392858,0.49462468769897583,0.49969906980854906,0.4852576495224466,0.5083534270076799,0.4980381511001718,0.4989156943063206,0.49914549685562254,0.4882376720271851,0.5150949189392245,0.5040093278229589
2023-06-01T03:35:00,0.4964951517243764,0.49889338571090636,0.5098863553400478,0.49119088925411997,0.48914003010071755,0.5035236806993869,0.5115062101922433,0.5136618806944613,0.49049747860360754,0.5172902456301239,0.5121214136566614,0.49613191255560096
2023-06-01T03:40:00,0.4962598349084414,0.511907901312642,0.49054931909259647,0.5030650949227911,0.49538610492826934,0.5049825591208218,0.509489517338154,0.5040268426790658,0.5055910653015836,0.5048056588550318,0.49057112513597767,0.49576420333065274
2023-06-01T03:45:00,0.5002772791183365,0.49003083818839527,0.5026528639102806,0.49641715362320193,0.5054864804547493,0.5081679431204045,0.4984560840472,0.5010557520997205,0.5083518946625016,0.5000056308513834,0.508143139616373,0.49832542789575
2023-06-01T03:50:00,0.4941886849633023,0.49332993880480835,0.4877398264474029,0.5095811471785349,0.5105736136325014,0.5049883469830889,0.5137849552705219,0.4999627566331728,0.49090157616605734,0.4945582922989508,0.48097296874947715,0.5012369396711611
2023-06-01T03:55:00,0.5053869575991079,0.4921609708524822,0.5159194803978491,0.5083884781220698,0.4933855255108379,0.5022899376999601,0.5130823812088436,0.4893413441287952,0.50502669748712,0.4980418252075752,0.5103674135095848,0.49916589257094024
2023-06-01T04:00:00,0.4941244221925264,0.5128471323355716,0.5090081246796501,0.4903956060059186,0.5162665219646202,0.5037392677998788,0.5014218183927117,0.5064496563090706,0.4918537792018038,0.5178233749112255,0.48597258568621327,0.49440338208637524
2023-06-01T04:05:00,0.5157180190602,0.5074097740997444,0.4983395342942342,0.5018774479993104,0.5130816109731721,0.4858719474723162,0.5143143934577985,0.5004472333599221,0.5042685639771685,0.5017302827269249,0.4904934874543112,0.4963923224719451
2023-06-01T04:10:00,0.5080075108413906,0.5032779080680839,0.5089474546832952,0.4954497515893191,0.48451028848449373,0.5126305619487402,0.48326848701818054,0.5070758024809817,0.4982184108377008,0.48528841261177313,0.4866047879886444,0.514877386315205
2023-06-01T04:15:00,0.48753421280943277,0.5143269276437683,0.49642802898650173,0.4848773544847018,0.49981561578471334,0.48655002767495253,0.5172958728192998,0.5016810605304236,0.4876243451103982,0.48550628800190887,0.508705443843682,0.505887225669464
2023-06-01T04:20:00,0.5121173605851946,0.5042482482081386,0.5004062983966207,0.49963122463394005,0.48767574602891917,0.5023404292198159,0.48798616101742665,0.48989416559081406,0.4932439759062876,0.5016030519945858,0.5109612608500271,0.5082454668253904
2023-06-01T04:25:00,0.5042769863570649,0.4847199293164668,0.5108762056933238,0.49553124015426064,0.5077020067945122,0.48979528856028515,0.5007063843613039,0.48707127462521127,0.50739177785252,0.507120002074314,0.49070215656043864,0.5082852103389378
2023-06-01T04:30:00,0.4866993376572814,0.5025935428133013,0.4955473843889571,0.5030641725843503,0.4951659625379743,0.4853050267913236,0.5002092467475275,0.506301112345798,0.5049560450214555,0.5018448514623403,0.5093682177007632,0.5148608935057587
2023-06-01T04:35:00,0.5052324008734462,0.4869531604017464,0.5086453972153951,0.5002353334143892,0.49016822450119185,0.49424039086537014,0.5094159063576844,0.5093435629228107,0.5062660295523711,0.4968770927573595,0.5110182483221882,0.48488673479517974
2023-06-01T04:40:00,0.4991716548848758,0.5107879161412777,0.49125659374267405,0.4943099803352857,0.49872722731509583,0.50844407567833,0.5158671863498612,0.5010171662270836,0.5067681411090105,0.49711548062123134,0.501748203760635,0.49332959184482195
2023-06-01T04:45:00,0.4996797902738432,0.5017695369174624,0.5001160778116521,0.49248778709727775,0.5008680044809988,0.5037509604108252,0.5012719704943354,0.5104862318285314,0.5133950303985267,0.5030011536141672,0.4922531238866048,0.5067364181013848
2023-06-01T04:50:00,0.4965749136852429,0.4922997162285627,0.49887459476600154,0.5106923107927177,0.5036790761135098,0.4976182010012975,0.5034790373907995,0.504374031481607,0.4977899735279623,0.4858768094851771,0.5104963616240997,0.5152806821118946
2023-06-01T04:55:00,0.4865691052780987,0.49464210488769444,0.5110539033572951,0.5125166464943836,0.5055877215528485,0.5088895439730411,0.5132422220170626,0.48913473035556343,0.4863646707785725,0.5074912953511942,0.5174318004998244,0.49495268680891796
2023-06-01T05:00:00,0.49849512332105245,0.5117444668168036,0.5012310086426363,0.5033259100036037,0.5101725535559096,0.5118172269752587,0.4862328767021166,0.5035302145891879,0.5025567467891923,0.5038670935089125,0.4932427041503059,0.5034748348149028
2023-06-01T05:05:00,0.5162079105146079,0.5009310443810477,0.48860788963629903,0.49858104308447204,0.5136126423582386,0.4891585221381541,0.4865379411316563,0.510646309503646,0.5018813643439757,0.5025513134492586,0.4925201535763752,0.49552500626380475
2023-06-01T05:10:00,0.5106876970118602,0.49629319467383987,0.4956631190459327,0.49888073782866765,0.4934905896374353,0.5024899981746841,0.508230205702873,0.5105788954073758,0.49323482789629863,0.4894726322641369,0.48937201506253686,0.49907573354321527
2023-06-01T05:15:00,0.4887536800107351,0.49816453889691853,0.5137738265541438,0.5038929195152904,0.49178375041045774,0.503965469209165,0.5173867903942786,0.4900442344067299,0.5039737824335273,0.4836259838626407,0.5038194270932895,0.5015654483138923
2023-06-01T05:20:00,0.4949511884789498,0.5023683238369652,0.5026482910039693,0.5039600872486102,0.5091536224766313,0.4995803433274866,0.4956250026479655,0.49317012020289147,0.48740175733866403,0.5002696524245295,0.5058993685883761,0.5006066629174545
2023-06-01T05:25:00,0.5001357079799353,0.4923132496003378,0.49648132256325855,0.5047266340068024,0.5157887291321434,0.4850886227521108,0.5055040337402431,0.49525289889342483,0.4981351217569261,0.4902381362791442,0.5071682043560773,0.5019154738211324
2023-06-01T05:30:00,0.5029659778884285,0.5034315779748686,0.49993134997063093,0.5049865042450226,0.49358787271859017,0.49964871333309296,0.4900910048350998,0.5121578403995086,0.4935285860331118,0.49064951747034763,0.5000871782606708,0.5035585869527089
2023-06-01T05:35:00,0.48636521126174254,0.4956026404832094,0.5077308036446455,0.4899577249080131,0.5001127292369298,0.48767876232520496,0.5055719586608601,0.5041322064799283,0.4993840204837415,0.5064617015471338,0.5032393537384733,0.491907994322763
2023-06-01T05:40:00,0.5101590898508926,0.5025030591796138,0.49276796101785364,0.49785591524954936,0.4975066071771352,0.5038420541105357,0.4917296864376273,0.49856873648212285,0.5118597272400867,0.4973581256049068,0.493463989466495,0.49856829838610145
2023-06-01T05:45:00,0.5009048247704836,0.5028786877680005,0.506120201954758,0.4866138353900493,0.5007156266175385,0.49016386757267605,0.4912721062445547,0.4996146883057929,0.5040571114099829,0.4949950159228691,0.4897665880790532,0.5117135162252114
2023-06-01T05:50:00,0.4914313045661033,0.5044525367042486,0.48764432064007496,0.5010522609963945,0.5037020501357676,0.504125074721656,0.49948606369193793,0.5011428120146928,0.5063804880463844,0.4874894649706888,0.507112099818055,0.49616228427963993
2023-06-01T05:55:00,0.5025577061437713,0.500106536048653,0.5039991181977527,0.49190241890574304,0.5075415497141137,0.5018421791594628,0.4881485158703425,0.5019132521767136,0.49064554610849265,0.5099772971131953,0.5099666915260476,0.5061758070645739
2023-06-01T06:00:00,0.4853174320576236,0.4948406040177531,0.5033247869665167,0.49261486797048504,0.5023878372679588,0.5009652060983741,0.4977261581970446,0.4971756028945979,0.5077619728449495,0.49509434696728244,0.513422742308985,0.4937346540827967
2023-06-01T06:05:00,0.5092990882739022,0.5087921305306591,0.5055571643697713,0.5134030508113763,0.5026051281922,0.49705583232384504,0.48055234595367446,0.5010671557948316,0.498771059734467,0.4994985516733461,0.48896825441778197,0.48425576925073527
2023-06-01T06:10:00,0.48905230359031937,0.5042600579233295,0.5012080509473642,0.5058004556433585,0.49740378048692463,0.4843168457632318,0.5032549761026435,0.5076535591511286,0.5060193358559931,0.4857114279198675,0.48957409135886826,0.49225167863552177
2023-06-01T06:15:00,0.5065727250926179,0.5086708119734329,0.49547541564135394,0.49331468349058344,0.5000603815692998,0.5011778584722272,0.4950107689728297,0.49962915809404496,0.4943170516324508,0.488252691222074,0.48998126630112204,0.49748274072635484
2023-06-01T06:20:00,0.5142533537261743,0.5015647377970807,0.503914604931043,0.48216641694276363,0.49710354502785087,0.5054762615750744,0.5142546119336483,0.49192483876222104,0.48444550442464995,0.4972548683316946,0.4981452477481193,0.5098937864944619
2023-06-01T06:25:00,0.48932923777170406,0.4943344024392312,0.4842804378137074,0.5064706883543149,0.5093077790836075,0.517411711131859,0.49075216215637263,0.48682909865500945,0.48958537147476966,0.5004038623618214,0.5133654461399095,0.48729100499053296
2023-06-01T06:30:00,0.4953153241619109,0.4942556709766561,0.5122519563975924,0.5049966348872303,0.5111299357831924,0.4955344199523963,0.4847271199075014,0.4966936440681487,0.4985711519653042,0.4995397028287202,0.4903448614243393,0.500648573417363
2023-06-01T06:35:00,0.48927386532462114,0.5148696834883549,0.4906490514395934,0.5068681661637949,0.4929893998727203,0.4951132110075164,0.5031532085677375,0.484711324945559,0.5160020123494045,0.4844036646371061,0.49386800436616834,0.49170180947795694
2023-06-01T06:40:00,0.5143764363983226,0.49982741323760266,0.5035789940274382,0.48960759085292693,0.4881724890271909,0.49604926302269736,0.49016468850299033,0.5055681875831501,0.4926755185511676,0.49471448752532565,0.49126006901934405,0.4845228873129437
2023-06-01T06:45:00,0.49278962833984097,0.5089818146576155,0.5007615420528444,0.4971755119553959,0.48885930746976447,0.5029482521042581,0.5139410869008533,0.49103167657911584,0.49886974117424376,0.4921197152015206,0.4996869005005659,0.5080625532984488
2023-06-01T06:50:00,0.5111868071759995,0.4971528984797903,0.48059541734515704,0.49759716829548856,0.49287892801123484,0.5145355642502296,0.4886329215986606,0.5061714019829412,0.48875246461267957,0.49596566765897615,0.5037487449761129,0.4962811759429636
2023-06-01T06:55:00,0.5033622904234204,0.4947414915319284,0.488191948090892,0.4948703286099317,0.5106747906322175,0.4854485301445519,0.4964898146884015,0.4862521119350122,0.48492222000181606,0.49672567342595936,0.5034830939222635,0.5025910725366031
2023-06-01T07:00:00,0.4908825920842288,0.4974915752630343,0.5011641364502265,0.5005253481549777,0.4839046667788389,0.500764246838152,0.5027562676653924,0.4862795078807915,0.49854203043736334,0.5052598033963189,0.5036972619149932,0.4992261936049877
2023-06-01T07:05:00,0.49704086017777704,0.49344909451828317,0.5152685247266496,0.48365684148962723,0.5036085503704918,0.5007346939613748,0.4969405846855408,0.5003699079591981,0.4986397314849613,0.507321940211978,0.5061376797708511,0.5103815939560714
2023-06-01T07:10:00,0.49729122591356634,0.5076594090362536,0.4942982719045929,0.4992992576082679,0.49590264590419275,0.4937884390043125,0.5089234656934872,0.4902554069020251,0.5035223160341666,0.499799897246466,0.5117628121641105,0.4937818206167567
2023-06-01T07:15:00,0.4984935857709998,0.4959154574380276,0.501088864098533,0.5039142001857672,0.49007380572515924,0.509734732598792,0.488449265595164,0.49228671791954515,0.4964000054284,0.4998559005497349,0.4886762630630801,0.48358060044281076
2023-06-01T07:20:00,0.49201880272014337,0.5127273532050879,0.49725024631032155,0.4878748648382357,0.506814033554978,0.5008802427953712,0.5033834410143657,0.5067479150532607,0.5064906399659328,0.4986705454810949,0.4993760555498329,0.4865170483418435
2023-06-01T07:25:00,0.5037191642105843,0.485117462558134,0.4920142307761962,0.5142245423172825,0.4880480302372592,0.5089115496927259,0.5038986270992103,0.502419016102384,0.4937012313913867,0.4964585040613525,0.4905029156260957,0.48707064473583206
2023-06-01T07:30:00,0.49539887625577156,0.4943538679972351,0.5159651559902136,0.5050218659968734,0.4962585482658031,0.4918379949471787,0.5065512892755053,0.494086156610775,0.483746219701889,0.4932003377533338,0.4994715724381139,0.49300007698774945
2023-06-01T07:35:00,0.49949490792353624,0.5079000074355324,0.4986350115637809,0.5017274063334916,0.5040099029729441,0.49624794071644124,0.49254567111130354,0.49369981800706764,0.49454490736773793,0.5000267398402386,0.5068814022786041,0.5070205519899665
2023-06-01T07:40:00,0.5013550071201797,0.49523692709272754,0.4920928693413021,0.5071413716074339,0.513927101083107,0.49709276917392115,0.4989586555317859,0.4906310214050442,0.5009321682416157,0.5029916805034915,0.4934167122901014,0.5054469526588184
2023-06-01T07:45:00,0.4907100169966403,0.5020018532639261,0.5062098981172827,0.49545935785217976,0.49551819107280687,0.4945206027657882,0.49358860470837096,0.4878584143590954,0.5064135361431479,0.5051844485628529,0.5085296434034313,0.509316389885866
2023-06-01T07:50:00,0.5008172864764139,0.5038122441756157,0.5036892942181739,0.4918773994048399,0.4974261557654283,0.49353153182228937,0.4921525150520895,0.5061508149911095,0.49796638204860033,0.514746701032671,0.5089552680696504,0.4874774978796534
2023-06-01T07:55:00,0.5010028037114764,0.513333861838301,0.4926884348807018,0.4976542286028203,0.4970713357790833,0.5005645851512388,0.5023905669744142,0.4992728137231794,0.5037709349822329,0.49165834014046766,0.48536820053149804,0.5017067937493608
2023-06-01T08:00:00,0.4963726821614039,0.4968281862656872,0.49028193127676284,0.4984010140628757,0.48543353415632495,0.5062166523717795,0.5076044654521958,0.510763786446242,0.507538409601737,0.4887125893712889,0.49793004780899397,0.5002354712415006
2023-06-01T08:05:00,0.4902292860803784,0.4878217287128259,0.48625096558039266,0.499726370212633,0.49626613464062425,0.49967201332883804,0.5064006458546224,0.49968687349121516,0.48496644944792267,0.5039026783437395,0.4910080603828883,0.49423860479077103
2023-06-01T08:10:00,0.48451667219512773,0.5014779118581176,0.4906997296606806,0.5007008226318227,0.49305114367236985,0.5131155587801788,0.5008521105651267,0.49980961852177247,0.5074544239146257,0.4964334611572567,0.5130757176602521,0.5036073640539552
2023-06-01T08:15:00,0.48672505494622664,0.4969327880014694,0.489659658426733,0.5117654230094488,0.5022139598971535,0.4926605132451812,0.48370154623616235,0.5023073371688815,0.4981601347990987,0.5118972199907327,0.4883772332406247,0.5058327195875475
2023-06-01T08:20:00,0.4926079805957588,0.50025858315696,0.509076840245801,0.5165141384385562,0.5001245834981011,0.48494957316553466,0.4965325026383147,0.48076795291114316,0.49369494838575906,0.4898308574199252,0.5002426370823945,0.4956728280489668
2023-06-01T08:25:00,0.5005905695727435,0.49321051208805655,0.5114391241786519,0.5009160411505515,0.5014727487916901,0.503322730054992,0.48776424815352404,0.5119903229521658,0.5065603190288628,0.4992933086438478,0.51227896722676,0.5097458348660758
2023-06-01T08:30:00,0.5054101914385306,0.5031861072031956,0.503266876156536,0.4833347636954637,0.4982399800683736,0.49618907202938883,0.5008811685410541,0.49090739507283215,0.5043582738014333,0.5133166456428689,0.49356151274599874,0.5000377251096414
2023-06-01T08:35:00,0.5114473010177075,0.5042455273461565,0.4929875746233722,0.4966351230979183,0.4812052301432059,0.5074843444285789,0.5034326434403196,0.5034628683922439,0.5091755164254494,0.4958894219888598,0.5143554019276628,0.5006683714960818
2023-06-01T08:40:00,0.5042194965428841,0.4872141206769319,0.4980875457270446,0.49758648100887304,0.5058951214384865,0.5053401480074711,0.4912167347859351,0.5111372165423371,0.4999857465180038,0.5025026929882109,0.5001377995138651,0.506304043656952
2023-06-01T08:45:00,0.5019734671410168,0.5110684932461618,0.4879739286060796,0.51316879858088,0.5056368243229459,0.5094882738681937,0.5135584844484039,0.5057586448798185,0.5071013110191308,0.5005527807280848,0.5084081640323695,0.4877170508001586
2023-06-01T08:50:00,0.5085282023940423,0.49913351042975934,0.500707248624797,0.5019225133330187,0.509081450301465,0.4988849674150352,0.5074112787770548,0.5082781450101224,0.49618034452712734,0.5152764189112663,0.49046303306756134,0.4883996678055272
2023-06-01T08:55:00,0.48635551663900434,0.49624388244634987,0.5009471747910546,0.49806658399910975,0.5053938529495783,0.4953234756914771,0.5056945639863474,0.49764017940091254,0.5140785735133558,0.4865367466136918,0.4939740386852414,0.5120866614184935
2023-06-01T09:00:00,0.4963583971543742,0.49619238283131595,0.4955517738644697,0.5061951387197181,0.5074006817013395,0.5024941720860773,0.4967197992616629,0.5014706547360307,0.4993039855600864,0.48871908464308145,0.5005768102467689,0.5092463940779944
2023-06-01T09:05:00,0.4892412921443969,0.49122931676942555,0.5143519956166853,0.5043660588377727,0.512776853070305,0.4962600024166975,0.5001870323129405,0.4983818064075823,0.49593880482608016,0.4992822019153105,0.5078098122234982,0.49744794189832503
2023-06-01T09:10:00,0.49775387740281235,0.5073743412053591,0.4979795530105602,0.5136174678622663,0.5033961288169752,0.5073717545328681,0.49141126358903914,0.5026474348271104,0.49870590243142243,0.49360639502364373,0.488726925618952,0.5071198676804278
2023-06-01T09:15:00,0.4965857455729531,0.5094633836975169,0.5083530414914336,0.4895553039416767,0.5070356743014877,0.48764350684841296,0.5041086272448614,0.49785620472855385,0.4978041169492261,0.49629632911199406,0.5104211662465109,0.4929785050904027
2023-06-01T09:20:00,0.4972377925859587,0.5144387389144349,0.4997053956070005,0.5076634413056396,0.4962124253077043,0.4911836391505718,0.5012791699938605,0.49279180307896975,0.5019521766772743,0.5046350582108375,0.50014654180806,0.5002333707473673
2023-06-01T09:25:00,0.49551835529054544,0.5048947135367332,0.5048803762217118,0.48510444205095676,0.4983103253210388,0.4967935913289853,0.5108929394209152,0.49330320737812366,0.5084414960001068,0.4998087317523543,0.4893789142546839,0.500187924903922
2023-06-01T09:30:00,0.4969492077457019,0.5057652932512077,0.4924767714307254,0.4959661396901116,0.5108900619898585,0.5021938587520925,0.49066949567857837,0.502780531833946,0.505622105737523,0.4942789827548017,0.5048210429738543,0.5146590814136208
2023-06-01T09:35:00,0.5131788484793948,0.49969589640750994,0.5066830094595873,0.49675694835579254,0.49725560889883247,0.49306435523542763,0.5018256065133143,0.48985433509761866,0.49698747445322855,0.5037286985477829,0.5070728945619111,0.5089690713310325
2023-06-01T09:40:00,0.48088109402708856,0.4933823265665672,0.4948088088544704,0.49307765622766453,0.48534108035809753,0.5099916404105101,0.4901249744421375,0.5013050325938588,0.5143879901855367,0.5108151258572772,0.49471527020153133,0.49074281011778764
2023-06-01T09:45:00,0.4966976311158982,0.5122647863280653,0.5074615650119225,0.4888566050276362,0.505817032006779,0.4990559472520768,0.48472316915831354,0.5030136263511245,0.5038657300990849,0.490769081912262,0.49543622504561396,0.506643729921194
2023-06-01T09:50:00,0.5023357660078775,0.5076319891259172,0.4912744880521506,0.49927912583666595,0.5045328034607288,0.4945958267445854,0.4969376514111552,0.5078788342044649,0.49089583518381,0.48715856972970023,0.49238630138297335,0.49409521361788195
2023-06-01T09:55:00,0.5108220852501685,0.5033450841535451,0.5045736668633619,0.4954009049637009,0.4840590294062714,0.5148112555240129,0.5122044116041945,0.4906515743465152,0.49066686546937593,0.5086314332530079,0.48240520082109767,0.49902794847052084
2023-06-01T10:00:00,0.4950112244407427,0.5167690018819668,0.5030783696705793,0.4863495758300936,0.49919655772380755,0.504215476701432,0.49934877208468864,0.4986815156304712,0.4977706139698965,0.48939064350714245,0.49812169380914945,0.5009579173644949
2023-06-01T10:05:00,0.5146672123407584,0.4932176563540535,0.4923043410559111,0.5114188862977093,0.5044203465130002,0.5073020575911813,0.49634247991425995,0.5024702402361807,0.4836853413247488,0.4977686181190677,0.4871631853325439,0.49690494699324406
2023-06-01T10:10:00,0.5055204362803212,0.49893047335092533,0.4985570384327234,0.5053029949622329,0.5000723016745731,0.4950392791723891,0.49797041081696863,0.49911728177983467,0.5013897261833924,0.4994606208815327,0.4973824609909106,0.5035238139050963
2023-06-01T10:15:00,0.49247188626176003,0.5087631257651372,0.5015963621428303,0.49744455473572713,0.4970266391564976,0.5030003633089463,0.4914775854021571,0.49437840281833156,0.49231976177893483,0.506414623355308,0.506370264940369,0.5047726032204277
2023-06-01T10:20:00,0.5039178823891188,0.5012808064863453,0.4935533070829597,0.4958470691920965,0.49763692913623897,0.49611511730494495,0.4912283395146466,0.5038002729565946,0.5033249379599297,0.498037538646485,0.5175230611255878,0.5021662675484406
2023-06-01T10:25:00,0.501150445213102,0.508626856459158,0.4953983952094959,0.4941464933843045,0.49342968607798726,0.4884072472737752,0.49681355538445604,0.49288465979117546,0.4907405821269447,0.5143586581841457,0.4964970582098588,0.4951477749950345
2023-06-01T10:30:00,0.5032561328522989,0.49636094741955383,0.4913735238069213,0.49816015847467715,0.48985513387260327,0.48881617823177065,0.4945753266695773,0.4884547843347426,0.5066537073567947,0.49484869821658933,0.4948542514624899,0.5040763634203229
2023-06-01T10:35:00,0.4914541264835304,0.5018323673474855,0.489323753262963,0.4903995979152507,0.495562414064904,0.501245169774886,0.49439301401512353,0.506132482266368,0.5030918197838458,0.49927187130422074,0.507778962870581,0.50720140735002
2023-06-01T10:40:00,0.49960946895119573,0.4853547774998296,0.5027509048488367,0.49525884518248586,0.5072345211870886,0.5039269926348035,0.517439424609273,0.508232891086769,0.4954392332229349,0.5160359462369791,0.4950954187321587,0.5064592407236003
2023-06-01T10:45:00,0.4921010259023895,0.49523334013401493,0.5017451901056879,0.5041014520569993,0.49590635891187224,0.49865696024880757,0.5122626128183747,0.4996443319231203,0.5112797537005123,0.49437715179959685,0.49121402129698205,0.4926247361546977
2023-06-01T10:50:00,0.5068970637642668,0.4902255916931286,0.5108496235342508,0.498838842007818,0.5003972667727257,0.4952763081725688,0.49279872149402076,0.5089710086791521,0.503292763821473,0.4936038216043285,0.4953169216896057,0.5091840013119672
2023-06-01T10:55:00,0.4860877506133125,0.49652881711451285,0.49742948270011256,0.506246988640307,0.5053029657679295,0.4917104152714326,0.5003976823606637,0.5025139163178838,0.4942495835069088,0.4990391738103817,0.5038974962152264,0.5018514522368221
2023-06-01T11:00:00,0.49463109132842203,0.5024016904660659,0.5131195503264705,0.49866308346948207,0.4994870717982177,0.5131210884778082,0.49157602416379087,0.498179965444179,0.48697540427167485,0.5105780366180116,0.5049985018744302,0.4975934256195066
2023-06-01T11:05:00,0.4996055350755398,0.5153391655068738,0.4962782139040811,0.49168822951026664,0.5054666161472013,0.5022094923537436,0.4904991519824141,0.4932618968816264,0.504659317355611,0.5170821569370384,0.49612079991838937,0.4948467717152165
2023-06-01T11:10:00,0.5146224617558154,0.4965872810075784,0.4953881877303723,0.49975370494888444,0.5013544530265122,0.49034370526371024,0.4957774882151626,0.5026400179596179,0.516772964783616,0.4970423438840356,0.4952746050083723,0.5042049037167814
2023-06-01T11:15:00,0.499350463707844,0.4946393479406555,0.5104741910969225,0.5006171087431016,0.49794154344432506,0.48826400457216196,0.49862018273686165,0.5057131774971344,0.4968306180280111,0.49522943806927305,0.508605687494777,0.5021084812462671
2023-06-01T11:20:00,0.4877273922775111,0.5168427335539509,0.5008957929878197,0.5074792550136968,0.5014683772429037,0.5153300036568893,0.5086556210546066,0.49835706573086314,0.503492363424157,0.5083135502868533,0.5122383222610025,0.5015873139428207
2023-06-01T11:25:00,0.5068175898558727,0.4927170812350943,0.4955203025385931,0.48860926369812185,0.49957721851115977,0.5185254388466292,0.5070746593763287,0.49403059305106445,0.5056756232203027,0.5056607017316147,0.5087377102472352,0.5090296337347102
2023-06-01T11:30:00,0.5062586935779122,0.5064681126341793,0.4964623344780317,0.5096619539542836,0.5128046459189841,0.509595809084308,0.498026593354469,0.5128926611483193,0.5182380170197396,0.5078637493475202,0.5107098402639781,0.48995788016114655
2023-06-01T11:35:00,0.49013656519812515,0.4922866045750507,0.5054107323211676,0.5000017542231293,0.5134773859721928,0.4984060490667208,0.5138152664268499,0.5027046444542763,0.5107676598228338,0.5051643526113393,0.4879030654110525,0.48727282159611884
2023-06-01T11:40:00,0.5011531714702306,0.5153928054856682,0.5076811454533253,0.4964324666365732,0.5057963341290553,0.5094545573284661,0.5175510709605615,0.5054816263184889,0.5093658108747319,0.4962401365736267,0.49031208655265934,0.5102297968459467
2023-06-01T11:45:00,0.516017159101408,0.5056287941133634,0.4967094730621591,0.49312229097515103,0.5171133632256734,0.4998010168388204,0.4982047159159772,0.4997203004001982,0.4822086254582615,0.4977953884986334,0.5117015077219245,0.5025690141464608
2023-06-01T11:50:00,0.5039172016774814,0.5056813483638172,0.49364705029362316,0.5131849097355382,0.5033289319778438,0.5036401575500054,0.5073553252071931,0.498740311843017,0.49930915919587177,0.5063420034395788,0.5006711688783513,0.4995525875271972
2023-06-01T11:55:00,0.5065554286792882,0.5021566604075334,0.5046913432601414,0.5035514891220236,0.5016972711850357,0.5012846309124575,0.48853030874781656,0.49427819992404975,0.5087052011396256,0.49536015997557575,0.504711395594907,0.49925133059940513
2023-06-01T12:00:00,0.48965955978597586,0.5174680498392193,0.5012243411036554,0.4990202771733378,0.4994251743173456,0.4960431690615353,0.49861698410296557,0.5012562637499672,0.49830670378218245,0.5061289763205439,0.5185483735057216,0.5084609515786811
2023-06-01T12:05:00,0.5173500288722134,0.5062939981971719,0.5122581969014105,0.5062440558298075,0.4852416162221005,0.48675350316483157,0.5161132752758507,0.5116894646456627,0.488694095601115,0.5079924005568551,0.5041436491325725,0.5011010085374227
2023-06-01T12:10:00,0.505045073353059,0.5017373331709172,0.5000317216134154,0.49267379391235844,0.4907622399936957,0.5169651860634633,0.501653491727637,0.48957727774590776,0.5100911728456498,0.5101684440563417,0.5062042795696838,0.5045761425836297
2023-06-01T12:15:00,0.4995705838965817,0.5016989938490779,0.48023067740280934,0.5013346098671592,0.49863922165737207,0.5116087889461346,0.49826711250044864,0.5120199116616545,0.49932962922508617,0.5013404862293476,0.49528800554500685,0.5056586596305621
2023-06-01T12:20:00,0.4993337511904634,0.493465250730461,0.48964478576603676,0.5168457545474672,0.5128623555302613,0.5029791507045764,0.5154999756987854,0.5039765122809625,0.49638095934567106,0.49580302752790073,0.4962452873415843,0.49735562632100666
2023-06-01T12:25:00,0.493182083146148,0.4888756067138754,0.5001432665265512,0.5107269835282073,0.49310517686839045,0.5014984666452512,0.5044317748882146,0.499801570890437,0.48602917082234326,0.4995988617869493,0.5035443073921069,0.49638030178431475
2023-06-01T12:30:00,0.49084475383182813,0.5029905523524897,0.5117113975702806,0.5048578783166819,0.5086792560482339,0.5155159701295821,0.4942712151355491,0.4864021161431147,0.49582145058496546,0.49737141143710845,0.5101093208786748,0.4926159337936147
2023-06-01T12:35:00,0.5062535645847381,0.501546766321242,0.4915334045786988,0.5135309407074147,0.49656259489895577,0.5083750869314477,0.498541530474713,0.4890435987951626,0.5019818880990872,0.4954526369168647,0.49327207804241807,0.5109413204095233
2023-06-01T12:40:00,0.5109931384357357,0.4893847941786663,0.500838808383109,0.5076212101970565,0.5011004006045446,0.4986677325739407,0.49816056248403295,0.5015464972865291,0.512862335433735,0.49857467050489435,0.5042746472010047,0.4982558203512451
2023-06-01T12:45:00,0.4899365285084222,0.49952722186456594,0.508851153793146,0.5003390338819038,0.48899101870256967,0.49931992304243883,0.5072763764391182,0.5104432718253039,0.5097415960728074,0.5050283436892212,0.4885542554876661,0.513089509717117
2023-06-01T12:50:00,0.5046902658597215,0.49970784881154334,0.5094607537967032,0.4881926067617003,0.4933524391744659,0.5006685885270756,0.4962996908693468,0.5013411525581557,0.5078192303698358,0.49477629110188,0.5082818586387509,0.511005787166678
2023-06-01T12:55:00,0.5108153727736017,0.49959358056371245,0.49824548176530636,0.5011107177263632,0.50893634522206,0.5041263380041499,0.5084680736333905,0.49657192897013774,0.5002465177916837,0.5128672833121347,0.5000294939940538,0.4886931844468106
2023-06-01T13:00:00,0.5006579289271593,0.48933551396155556,0.4966905487318524,0.5123839591782353,0.4998693271483585,0.49265382054372264,0.5038006070290776,0.4993215391650141,0.4986706465600297,0.496346376701384,0.49851578081960285,0.514744885774236
2023-06-01T13:05:00,0.5032170892726325,0.494231047737803,0.508641998002477,0.5112379088070067,0.5005273629003235,0.5057318989957792,0.49046253354111174,0.4982666113436274,0.49583579937679256,0.4917917049740912,0.5151934883144438,0.5035601781626396
2023-06-01T13:10:00,0.504015962542359,0.5103776229765693,0.5064035123484455,0.496796518830951,0.49832317005652227,0.5048138108427261,0.5107081407102626,0.509177621217019,0.4975113666245513,0.5008695327231566,0.5194391417045753,0.5073718432714447
2023-06-01T13:15:00,0.4946049361620683,0.5068217735854424,0.5072805000352301,0.49823646819703543,0.4967241781721143,0.5073795682783415,0.5080282466559044,0.4950858186791196,0.5120340030318862,0.5012816692680103,0.5090213859769454,0.5008224660166238
2023-06-01T13:20:00,0.5103486455480204,0.4991829596594467,0.5071609556231196,0.4919977959148352,0.5144059946907488,0.5023329967132211,0.4887165523043034,0.5080332384363511,0.5008251595243631,0.5092188024777674,0.4935289166493693,0.5038272409595635
2023-06-01T13:25:00,0.505512214444098,0.5092813657764532,0.49513674338931324,0.4987437025990644,0.4961073464409994,0.482186981683288,0.5090093700576188,0.5126724824713386,0.5024236549673478,0.5014526476965021,0.4964367136793477,0.5027345047992321
2023-06-01T13:30:00,0.49897005506556313,0.4934404929729434,0.5102664786714084,0.5002900171482552,0.5005505055893659,0.5128336309058567,0.5142901029523892,0.4996691776080952,0.49060835966853367,0.5095319588227241,0.5004910492930827,0.4974334461924488
2023-06-01T13:35:00,0.4883652087483705,0.5006034544318788,0.49277992603543297,0.49610338803917475,0.512646319026757,0.5090614847589338,0.5186111334629047,0.5031983300897064,0.5040259751906897,0.5090408367662481,0.4971890411524301,0.5005222996171541
2023-06-01T13:40:00,0.5165650931754506,0.49493629919619775,0.49303393044923643,0.5150650417595212,0.5140766256570606,0.5041510124858573,0.4921047162136373,0.5123655058145323,0.5058388083124387,0.5118179531019588,0.5005610156587922,0.5078402445438964
2023-06-01T13:45:00,0.49771064496200557,0.4869187027554712,0.5014221451648441,0.519135285685183,0.5019219653546872,0.4873402790230776,0.5118840037752188,0.5002098385167748,0.5079785639632004,0.4973072581230048,0.4922349246326992,0.49087197293592716
2023-06-01T13:50:00,0.4978996811514255,0.5100657116986871,0.5022208040848891,0.5139154209026949,0.5022030323218682,0.5116699077675761,0.4926121412686448,0.5083111015789986,0.49912837112414987,0.5031962021775687,0.4892419855189161,0.5028755140938143
2023-06-01T13:55:00,0.5076390961204296,0.5057307130024464,0.5023065238035732,0.5022262561034319,0.5120682091000504,0.5103010588604693,0.5110589175783928,0.49324051170839645,0.49479270694719646,0.4986164762336089,0.49209165478088507,0.5073768600927842
2023-06-01T14:00:00,0.5158149523397573,0.5100959514634437,0.4959328593547635,0.5151060295139029,0.5018686343045421,0.5105734427842733,0.49665334584331183,0.5036914611549642,0.487415764043805,0.49324469823348954,0.49140065091251917,0.5035607860941781
2023-06-01T14:05:00,0.4993098112034385,0.4998838577796821,0.4988396551550352,0.5000639574396345,0.5121790116963253,0.5020601665254529,0.49374313040699586,0.4886378600939003,0.4883340286979409,0.505492891383837,0.5058279298328561,0.48608786871588266
2023-06-01T14:10:00,0.4862238835155427,0.5105975902818015,0.49175881790070525,0.5037497998514275,0.49612603174599246,0.4924048114883894,0.501187332635057,0.49844045965469913,0.491160171902947,0.49799281321549005,0.49002710145232037,0.4930682035044539
2023-06-01T14:15:00,0.5127969822219361,0.4946162676283953,0.49871809456709026,0.495290006592139,0.5012984233256076,0.49039162954410753,0.49100487890143446,0.5012669512201229,0.5070736608496372,0.49428839459150564,0.5001575712494677,0.4901416438719503
2023-06-01T14:20:00,0.5068824776346944,0.5055268825914303,0.4965276781499139,0.49361172324991553,0.49244908248242486,0.4892130619783599,0.4944928595436178,0.49764949739099296,0.48928827317660806,0.5014849426942207,0.48977815825629467,0.49441855131605356
2023-06-01T14:25:00,0.5040915445733947,0.4916226631755995,0.5116884057910549,0.4943636372437174,0.4964451591488987,0.4908320596810489,0.5049699461076999,0.5003572597660811,0.5022424901402154,0.486570131987697,0.5016734798114736,0.4899671545861845
2023-06-01T14:30:00,0.49249803681266174,0.5034808424158663,0.4987780993060723,0.49325830124100545,0.49953783028706594,0.5116763270971574,0.49196448275282506,0.4904942281560296,0.49346088952617334,0.5001022796008774,0.5071701302686611,0.5015390562006153
2023-06-01T14:35:00,0.5000018542307944,0.4905568158219789,0.5031002251873357,0.5002263442194317,0.49631258599813594,0.4949520759764269,0.49176538336035375,0.48471520200658685,0.4960432465708633,0.49180423150377967,0.5000633598037174,0.48651435800328735
2023-06-01T14:40:00,0.48706421080975837,0.5036570084756107,0.4987058892352388,0.5038771637922285,0.48398416934753585,0.49646675548168684,0.4952503176334467,0.49663514173982715,0.5076272918369773,0.49221783643666883,0.4879757094346801,0.499587784871573
2023-06-01T14:45:00,0.4978836693262443,0.4991430389760854,0.5053703869700502,0.5005623066436892,0.4996701999927464,0.4887029551666853,0.5037864145780658,0.5072985920835433,0.49431929408820374,0.4849981810911948,0.49940365985294294,0.4998714982855903
2023-06-01T14:50:00,0.4997567124027584,0.509557441237987,0.48935030931244977,0.5027725955508101,0.49453119073657825,0.49985267044108916,0.49641205703906854,0.48970907495479576,0.4893483589008651,0.5115842640481286,0.4972451815757566,0.4968363230846125
2023-06-01T14:55:00,0.49807259899030093,0.4862152328205325,0.5060233561549872,0.49698564654516375,0.49255331259240015,0.49405503024452546,0.4903502668041324,0.48625739178194305,0.5147285086670547,0.5115211217449454,0.5003533388899937,0.5118321012260103
2023-06-01T15:00:00,0.49368632062820733,0.48894092101034853,0.4856035149340994,0.4897037472013126,0.5023535141694375,0.5021942276107573,0.4969758606239357,0.5079899659960804,0.5121884322621687,0.49497344276958827,0.501794859621063,0.5080706063483729
2023-06-01T15:05:00,0.5015797064826323,0.49265619441449804,0.5059755712175157,0.49238591928555253,0.5047849781479635,0.49689984395094405,0.5067924167922113,0.4990239576927677,0.5015061016670779,0.5104863641455875,0.5119389403260854,0.506694716991214
2023-06-01T15:10:00,0.49314944633388463,0.49171249182311333,0.4987381350335798,0.5079957947913163,0.501813230547706,0.49884823011174584,0.49384517769925274,0.48984435085308653,0.5064554113871584,0.5006084998156077,0.5042982701928206,0.5081186555013678
2023-06-01T15:15:00,0.4901252168781674,0.49584749493674846,0.49611277682823285,0.4831682935620813,0.509156171519323,0.5119948017287861,0.49220876545982767,0.5090713193223669,0.4988750301584128,0.5084396942605166,0.5149545304833005,0.488288199726927
2023-06-01T15:20:00,0.5077684680045889,0.5036058013349699,0.4846595123948812,0.5068587854144926,0.5074339327620776,0.5010280290625755,0.5124015815046432,0.506250331729262,0.5186832035358264,0.5041932021007103,0.49286754121892473,0.5136321313106301
2023-06-01T15:25:00,0.506259442126262,0.5002762145644973,0.5175422879017625,0.5090203758564446,0.5045999214635032,0.5076715464734378,0.506163290622668,0.516855586858984,0.515845357146103,0.48239175041456395,0.4996963203010206,0.5048708454072766
2023-06-01T15:30:00,0.48641213508301767,0.5088877895904208,0.5049065810551655,0.492628207081988,0.49823590164887654,0.5087623085112363,0.5030548334933086,0.5113578558379207,0.48880834948035196,0.5018549119769068,0.5004786194927875,0.5088833259189236
2023-06-01T15:35:00,0.5055857149757043,0.5069261096988955,0.4931606774500031,0.5147511392144338,0.505415376749019,0.5042653579837322,0.5090589289439208,0.5009227136775596,0.5126702871628777,0.5010836362782201,0.5002354716887185,0.4896377762957698
2023-06-01T15:40:00,0.49488956264988687,0.5042960470936858,0.49955556144496216,0.49860366742874684,0.5121787735463951,0.5065551391553839,0.48969045551336465,0.5123279344021718,0.5059359472317478,0.5135327669339556,0.4968730747942393,0.49638694818036255
2023-06-01T15:45:00,0.5072085616342579,0.49994491663083324,0.4966210613247856,0.5132698381299549,0.5038789404341459,0.48270537572831673,0.5066657161788245,0.49664755759964274,0.5104157943624482,0.48903893598882736,0.4852027549084063,0.48842483106711637
2023-06-01T15:50:00,0.49930639047799696,0.5110123117115744,0.5081817947279464,0.5143234069489044,0.4913896512082591,0.5049685681502906,0.5065621067464186,0.5009025401083308,0.5017133336888663,0.4992656338501267,0.4992256146824778,0.4950007527465705
2023-06-01T15:55:00,0.49571084524309295,0.5006108885125804,0.5090195552571678,0.4888308598080107,0.5117989681451471,0.49523048228125977,0.5120756506100392,0.4823417381914064,0.48935222621522106,0.4975601429108088,0.4951153924779785,0.4893472093124484
2023-06-01T16:00:00,0.507180855611842,0.5113558571716735,0.4982088533369173,0.49884285986128585,0.5080729134930265,0.4957896110878659,0.4925050491146042,0.4907498893710632,0.4899116346968256,0.5021115380999767,0.5072653910975433,0.49113746292610005
2023-06-01T16:05:00,0.5113321039277056,0.4893164666612885,0.5061258591816149,0.4896691449663501,0.5108445369516966,0.4961117364707568,0.48176988318975067,0.49214071133083237,0.4895886488774187,0.4969518564929537,0.5027426797905316,0.5063747811061238
2023-06-01T16:10:00,0.4913682092102087,0.5081238074560258,0.4992210204230181,0.5141196326663737,0.4884361207575715,0.4872652158142166,0.49828642273139384,0.49709133958666457,0.48933782265670533,0.4957495132717125,0.5020647218050652,0.5031593784741079
2023-06-01T16:15:00,0.5064984461729153,0.49126284552016247,0.51290542839572,0.4828537707620945,0.4999080474446064,0.5014436225960455,0.4957510914559989,0.49257492979498496,0.49151477764882656,0.4998325005726966,0.49713485954669184,0.4854115481219047
2023-06-01T16:20:00,0.4978283316235308,0.5136422871088017,0.484684402669015,0.4827428238154721,0.48943506613615884,0.48675448551944656,0.49215273829269546,0.4920420923372933,0.4994608130784222,0.5100936261937896,0.4865939523834341,0.5107508459024453
2023-06-01T16:25:00,0.49562727639006027,0.4934977010677632,0.4873518902726446,0.49459676899246174,0.4948507360313692,0.49768675637319165,0.4934813925778292,0.5039005062508786,0.5020931889053325,0.48395796421609927,0.50960393283944,0.5003809648638966
2023-06-01T16:30:00,0.48452887860930083,0.4832296218659067,0.5031358544625985,0.48909585936572986,0.5025599156994894,0.506141228073068,0.4958763278862564,0.5100965576532219,0.4936260275534501,0.5003455117252167,0.5116469734613235,0.5001369151051168
2023-06-01T16:35:00,0.48201922351745496,0.5002233435012927,0.5002569647952814,0.5034314227478276,0.49749018336764145,0.5000434012936353,0.491407703737039,0.5004319959003413,0.5017416347122905,0.5055041802399932,0.497304086553704,0.5023324588978837
2023-06-01T16:40:00,0.49191215787175296,0.48989953448155593,0.48966129249167883,0.5013820686565983,0.4947010955302659,0.5095780633721287,0.49238471798797684,0.5109450958616146,0.5020635161695657,0.5009600894214085,0.5084850472313674,0.5029432910542696
2023-06-01T16:45:00,0.4912433613688155,0.49648274154118005,0.5041591953765573,0.5125192749369556,0.5044109136300756,0.49410308757261395,0.5012789410859946,0.514819539686907,0.5013544260584535,0.5053690590737028,0.4870840080922145,0.5108711352363547
2023-06-01T16:50:00,0.4982463971126357,0.5085799796596113,0.4945549204013743,0.5071592414768333,0.49242764858019816,0.5125241212560997,0.5094081869739394,0.4835075086149037,0.5030704944844835,0.5014265394962196,0.5080904138005138,0.4950556574679337
2023-06-01T16:55:00,0.49587613697442595,0.5085506939896137,0.4912710573957815,0.49036209944685755,0.5189109096258411,0.5113353177906298,0.48841527454909445,0.5034229990101983,0.4942661788126912,0.5120863549582949,0.49076085877917824,0.4917195675199449
2023-06-01T17:00:00,0.5047070759125977,0.4907096150087601,0.49870742606656543,0.5101481201781326,0.5068165633159233,0.49202062882336817,0.5190558117143884,0.49784647046611413,0.5101519421830434,0.4903125188233248,0.5003041125982888,0.48787741879683605
2023-06-01T17:05:00,0.5023947966154662,0.4897295854826833,0.5177762777690467,0.5029635863693133,0.49738847523895713,0.5035116576273806,0.49396965686911176,0.5143185237380815,0.4958900035082134,0.5020226114707722,0.504425700122552,0.5022891084586095
2023-06-01T17:10:00,0.4946028397719369,0.5140532155998557,0.505321897192392,0.49932664421990575,0.5181842423864996,0.5006260583306156,0.5105482155480495,0.48922154996972794,0.4867276199362253,0.49904898204019454,0.5041206342811743,0.49576657286368586
2023-06-01T17:15:00,0.5004023774849158,0.50789535402566,0.4858194402686222,0.5102638055116482,0.486589199380761,0.5162438782946642,0.5027456727666294,0.49676349557473354,0.49095761023448736,0.501971679876152,0.5110546051217388,0.505064006369386
2023-06-01T17:20:00,0.5087276933921612,0.48596647347908134,0.5149202583221054,0.5026024010546006,0.5074529167507961,0.4926255205756472,0.5010802075808013,0.5065881178365977,0.5114417143133168,0.511665144928966,0.49763637530883015,0.517849161642587
2023-06-01T17:25:00,0.482580856144801,0.5111508128787831,0.49418837683850275,0.5098673368763745,0.503810314277422,0.5031128003284077,0.503157269561833,0.5146309346347211,0.5125989832947194,0.498310702569368,0.5113349424940928,0.48985696265473555
2023-06-01T17:30:00,0.5004385283716856,0.48992414503751386,0.5095363123654255,0.4928286661654062,0.5021362147254171,0.5052047396201278,0.5077342557566346,0.494543045005995,0.500801495318758,0.5092405517577564,0.5000266211141587,0.5131174750301222
2023-06-01T17:35:00,0.4908598360845619,0.501047149276198,0.5066023322229395,0.4895512092882466,0.49577689037374706,0.5097363735340447,0.5032690666554226,0.5108887536727139,0.5023067811488529,0.4912203224143654,0.5048507889597071,0.4982957822648232
2023-06-01T17:40:00,0.5158921340517407,0.49760654527072795,0.48999689157934906,0.49678133303324806,0.49948100215334035,0.5093929062069051,0.5007531107197487,0.5014901325005976,0.48155197734963623,0.503504828350595,0.5051329893033601,0.4895142223342404
2023-06-01T17:45:00,0.5079504009629463,0.5042481697436624,0.5068252006496325,0.5136356691875349,0.5124799001228303,0.4978243440699996,0.5167333391966682,0.48427077251208595,0.5186678058901358,0.4901776197394522,0.4968241239321613,0.5027600428336348
2023-06-01T17:50:00,0.5059596904028627,0.49919034058835715,0.4995513041615132,0.503935411625044,0.49962402676331397,0.5017726291952546,0.4918029431882814,0.5023624623301968,0.49406203600780957,0.49300149085455924,0.5098993880628083,0.49223658348929905
2023-06-01T17:55:00,0.5041997002694035,0.512872764964049,0.49485076734244515,0.5107231400974477,0.5011648967760456,0.48378546192197397,0.5061615649950035,0.5014556772912656,0.4864417515801039,0.5053125530439061,0.49804242782064984,0.504163407694302
2023-06-01T18:00:00,0.5150284510325622,0.5006779306551371,0.5056287608480361,0.503130809930627,0.48299138794913227,0.5067083474951966,0.4932636175661748,0.497690187282866,0.5011498952790594,0.4967957828232135,0.4997623495068469,0.4856871097899615
2023-06-01T18:05:00,0.5012038689955145,0.494576827002403,0.5100434558022968,0.4858802254392666,0.5093834471777537,0.5046892090606864,0.4898126750055048,0.5136190433891912,0.4902034984998878,0.49542031129142666,0.4909212717947595,0.5021655967621831
2023-06-01T18:10:00,0.4980433928651,0.5151566750454781,0.4844849558189936,0.5149034385299894,0.5066994658884687,0.48822345057456495,0.5011235829180822,0.4975136330586674,0.5068547097106837,0.48118991291069385,0.48604117710347283,0.5076141223684305
2023-06-01T18:15:00,0.5086357202010215,0.4958693495926108,0.510480771376385,0.504898937439813,0.4933632947390117,0.5046507332615577,0.492329879699619,0.5007290925552831,0.48173303041524584,0.48966936056949867,0.5050990273585569,0.5077516065867029
2023-06-01T18:20:00,0.4830738596513099,0.5013377497504237,0.4982959088221516,0.4897767748199007,0.49742271655576925,0.4863564010682583,0.5020250626013887,0.4970970178916621,0.49625014794447575,0.4998544044854102,0.5085110630959021,0.4969849555575694
2023-06-01T18:25:00,0.505789925184185,0.5031167491653098,0.4848583730952455,0.5092060874082046,0.486746452428982,0.49265091778714143,0.4916410321358872,0.49252135282404524,0.49673023154617063,0.4932218124877384,0.5003413047429054,0.5013185672285319
2023-06-01T18:30:00,0.48963114413463554,0.49398801268584597,0.5000176556997071,0.4903872833319489,0.49945592427481855,0.4902171140839904,0.4917392422034869,0.50097012749249,0.5088233162174288,0.498338835849165,0.49000506157661133,0.511760754506169
2023-06-01T18:35:00,0.4941515034975312,0.5101757219983007,0.48738383072304003,0.4976894133537644,0.4832531505356578,0.48621309289148373,0.4918395300247163,0.4985226644509934,0.49614812259393165,0.4968262789749335,0.5100332095364944,0.4895616102117861
2023-06-01T18:40:00,0.5029396412767098,0.4905364410890188,0.5085231465888032,0.4958023588248973,0.50431549132742,0.509287834821906,0.4925084519072115,0.4953110833554057,0.4936256170175001,0.5024399336397992,0.4914255263925757,0.5034371976872937
2023-06-01T18:45:00,0.48730244021538227,0.502071552848774,0.49101285523041394,0.5048114105545972,0.4957358058357769,0.49220112938799265,0.49291317715194644,0.5014234458094283,0.5147263321683241,0.48416423306512757,0.5104011323768297,0.500118672202992
2023-06-01T18:50:00,0.5080200737709354,0.4840235552500918,0.5008575054016643,0.4914903688747518,0.5086685318358192,0.4901367656848764,0.48464550711549687,0.5107767706962741,0.49870290525763605,0.4964900012093269,0.4991121659204573,0.4865459167985182
2023-06-01T18:55:00,0.49024037281025,0.5008653325241976,0.506251283430162,0.4958706003236918,0.4907147172595909,0.4890451676557678,0.5126787796542966,0.4921730190951043,0.508915480358408,0.4916857325521035,0.4908730247910324,0.5062601895998491
2023-06-01T19:00:00,0.49123766197908975,0.506991605174182,0.490474497013322,0.4881092749494908,0.4951933852881712,0.4984207378390327,0.5012564658612855,0.5138961799297078,0.4913799062790002,0.4968925498461392,0.5021464064277539,0.4941513454604422
2023-06-01T19:05:00,0.5054750080517088,0.5004155165945701,0.4956121900529759,0.48409864042204553,0.5007035393217218,0.49263914032917006,0.5079553908283632,0.48317856283154387,0.5004373108328108,0.5036598368363225,0.5011793784085653,0.49191772933944156
2023-06-01T19:10:00,0.5042125598100361,0.48650785721106443,0.4986354586098497,0.5059740014824023,0.5023048154912235,0.5145550493755371,0.4821115102469927,0.49775827685519786,0.5113975085621212,0.4971329492793004,0.4887711408825901,0.48990438874654396
2023-06-01T19:15:00,0.4857171279744895,0.49664610544480997,0.5030808869213848,0.5021775581816043,0.49781689643542365,0.49916078692992666,0.49603399554503647,0.5066946789631281,0.5072070480315382,0.49732678624013155,0.5006852374996519,0.503762845310393
2023-06-01T19:20:00,0.5011259491556516,0.5094066365210126,0.4879328109844523,0.5011059339320726,0.4984045365657461,0.4990855108920272,0.5118571117933658,0.4984721247821551,0.49566500156476107,0.49109935217785244,0.5048667280176721,0.49607115663005624
2023-06-01T19:25:00,0.5126809013912174,0.49459518885608256,0.5061376244218212,0.4872871847207232,0.484656580318935,0.5053597143341604,0.4878586720180047,0.49031326765438954,0.5056779843243633,0.49830235424386166,0.491003376601025,0.49753505737564624
2023-06-01T19:30:00,0.5015839156833501,0.5071925531435537,0.4908440691855502,0.49767471079916165,0.5119287794394214,0.5071425684876432,0.5013661287208276,0.5040162519018172,0.4922203624068895,0.5056926853568527,0.49860363676500613,0.49284637476957194
2023-06-01T19:35:00,0.5047027285070327,0.4842408452130154,0.48824021790385086,0.5168690627177178,0.49823659701427175,0.48997721462528754,0.5086435558831568,0.49257614709882624,0.49505548673895483,0.5084064805514871,0.4864776746249073,0.5167333854840916
2023-06-01T19:40:00,0.5010463354150988,0.5009423318847565,0.5076297600779568,0.49483658355978727,0.5009882445800726,0.4915946012105966,0.4929438854071229,0.4965858424071394,0.49631056992463507,0.48623275825719386,0.5123491517182899,0.5084270026665979
2023-06-01T19:45:00,0.49969263875313114,0.511883783645288,0.5053218927497548,0.4968472150129806,0.49176668305176074,0.4984533636913308,0.49099174197144574,0.4955609813137881,0.4910502511094734,0.5109034104983128,0.4947450130239049,0.49811366695639697
2023-06-01T19:50:00,0.5141963176077655,0.5010520194851273,0.4902662862335642,0.5055661784739178,0.49153555276981953,0.4961904737525185,0.502284302746124,0.49782671409716406,0.5182772405413876,0.5055396346187604,0.48673114728795835,0.4868176052647518
2023-06-01T19:55:00,0.49071307735675423,0.4950231286514766,0.49343782073829895,0.5055272282836217,0.5087840785203276,0.5083251444543812,0.48908634004268264,0.5058355224698954,0.5067923671181491,0.48835152763424666,0.5014829336401039,0.501515927330521
2023-06-01T20:00:00,0.4953579551711318,0.504452126513746,0.5029195800142549,0.5030474929329232,0.49694633515262293,0.5008712616086568,0.5003132059375321,0.4992733019798261,0.4957537107907295,0.49529710447477143,0.4954058461018317,0.5167700581728607
2023-06-01T20:05:00,0.49624034353660007,0.5050191352594758,0.507680440657995,0.5127004048966236,0.4899475667959635,0.5185527786077658,0.5059562352423762,0.4919469990061249,0.5032613324186194,0.5046342453986791,0.512984766256562,0.500890365296807
2023-06-01T20:10:00,0.5011685193136483,0.5062927569995869,0.5053050348706366,0.4949266241620961,0.5144555522265608,0.4902931309821519,0.4952860576973185,0.4878967100068251,0.49076545328601445,0.5098578501666743,0.4980774091847589,0.5136618854982992
2023-06-01T20:15:00,0.49256454527611004,0.5091543669079519,0.49617410188695266,0.5060437883282127,0.5071662867966399,0.5021092507539828,0.5014513000849093,0.4885436837351991,0.5122670320622993,0.5059508606587799,0.510146658744833,0.4906757521905023
2023-06-01T20:20:00,0.4984437319292304,0.49256175357381893,0.5190993962110134,0.5043157856916936,0.49354860250443156,0.4864779149345204,0.5026976514764339,0.5080697991715559,0.49682922726013223,0.5119464880931286,0.5044879415481561,0.49365605434709026
2023-06-01T20:25:00,0.4872483329423656,0.5080306327247761,0.4974264384458232,0.49116748731511145,0.49961559799507693,0.4998528096856538,0.5097268310110801,0.5043064968447298,0.502822495161019,0.4994118455950107,0.5008707441539558,0.5093224603958804
2023-06-01T20:30:00,0.4997125497444881,0.49394729976532487,0.4876771553186239,0.4963875590346082,0.4881988513430662,0.5163360082667874,0.49228642112459436,0.49932504652063014,0.501141490447705,0.4952391406837346,0.5090517705909281,0.4953160272634846
2023-06-01T20:35:00,0.5026908527050604,0.4987454959073842,0.4980311054283608,0.5027088563117713,0.5047191591441872,0.49137919538505836,0.5070313310435324,0.5019876573545793,0.5034594569444413,0.504869927633363,0.5097994853837459,0.5102082698261623
2023-06-01T20:40:00,0.4946851297343199,0.48829545396644053,0.5051840867579371,0.5122959998751592,0.5095148089690602,0.5078825688868199,0.5014304264616871,0.5010746025806987,0.5191182286261727,0.5014451457516644,0.5160561141360474,0.4970108537862484
2023-06-01T20:45:00,0.4997603620612496,0.4915652391827695,0.5104749947894163,0.49780752896032565,0.5145229030903585,0.49774533910157814,0.5039499279031903,0.5015000950797398,0.49812474541504603,0.4986422213380308,0.5016536205805388,0.49482874960841294
2023-06-01T20:50:00,0.499846899700145,0.49964541150439234,0.49284745787959294,0.5070679191173807,0.49510332763887344,0.5030687633340556,0.5161925876446759,0.5101755807852708,0.5106974160570225,0.5119913524887959,0.4989664035743705,0.49628033755983936
2023-06-01T20:55:00,0.5091197165768478,0.4936728534249782,0.5006201784240566,0.4927325649689134,0.508158797327503,0.5075657834647207,0.5014534641643995,0.5025653369449335,0.49955029499665393,0.4999534604301907,0.5089315145337695,0.4996541448256534
2023-06-01T21:00:00,0.49143997486581675,0.5151200405074233,0.5052538113047527,0.49543659798162587,0.5097865223741564,0.508893079294675,0.5029716025198135,0.4973598453667853,0.5031437267626887,0.5028989621640487,0.4933637888181464,0.5076548665120748
2023-06-01T21:05:00,0.5129939410842789,0.4969954898936551,0.4928933913062639,0.5087973866011548,0.49604901802117013,0.5034220064294741,0.508057815057934,0.5089065080860683,0.49403214393688577,0.48746128589972354,0.50633704800686,0.5139920269639427
2023-06-01T21:10:00,0.48869388995611174,0.4920979294722386,0.504116838862373,0.49915198862682203,0.5072822339079086,0.49723795103608426,0.5120127247254679,0.5071788804689646,0.49457835082054113,0.5064958697268293,0.5080503871625472,0.5114417888578426
2023-06-01T21:15:00,0.5000050972768126,0.5173301387835856,0.5041491620206594,0.5161940970255824,0.49894625607988363,0.5074223263008518,0.5007265387943276,0.49036347735810976,0.5179724423177291,0.5144818946614721,0.5103934809898838,0.49760405689046355
2023-06-01T21:20:00,0.5148070080131496,0.5059051050734089,0.4990384793870028,0.49769432644339784,0.5028052244210303,0.5106790723953079,0.49895622099679104,0.5108326884091701,0.49663043705919624,0.4994138928325007,0.4978739805352875,0.5079310021079149
2023-06-01T21:25:00,0.5053904145930393,0.5102796589455941,0.5034169280162982,0.5044500819747632,0.502808207019065,0.4888172820524516,0.5090454390386265,0.4992564404536317,0.513865597409078,0.4991661445271337,0.5034754458492363,0.501471751536259
2023-06-01T21:30:00,0.5117368084324194,0.5074410011551633,0.5127590797484749,0.5097151815142735,0.4878424695510127,0.5000202650695259,0.5109095713538836,0.5078257788595623,0.49256872078365144,0.5027768862466883,0.48376521903701464,0.49499880802625656
2023-06-01T21:35:00,0.5035976189475249,0.5027554849599626,0.49790648641276164,0.4974290527127877,0.5068543459501915,0.4992029390787801,0.5124537391864754,0.4913671163182628,0.4998272067769673,0.4897444229559092,0.4823289227853924,0.5064518389745265
2023-06-01T21:40:00,0.5054053400557543,0.5049578914235044,0.5007635408444695,0.5062120946229077,0.5116035949702719,0.5087091948913602,0.48910418775339304,0.49209981513437856,0.49772193861272934,0.50112323545433,0.4981465709144953,0.5067256693981838
2023-06-01T21:45:00,0.4965099804331696,0.4911480667007958,0.49966362201005804,0.5133947238108667,0.506262407005765,0.49970084128631925,0.4995052621118865,0.5004515755695822,0.4980450978829363,0.4918999844831007,0.4978222195232236,0.5022320197728233
2023-06-01T21:50:00,0.4978075992208724,0.5095688408713284,0.5093663225969783,0.5030022577274875,0.4983122555501102,0.4902399207338812,0.4862501208349707,0.4897515433566625,0.5085051399901289,0.49963437315381665,0.4975659724863746,0.4828374073905662
2023-06-01T21:55:00,0.5082297302507557,0.5131560455684485,0.505990633211854,0.4892856180915188,0.4952820163312532,0.4991207968787907,0.49810620272308437,0.493985223092254,0.5066460670590672,0.5153988598231106,0.48324694302485877,0.4947347062845804
2023-06-01T22:00:00,0.5098872240651623,0.5097262834816805,0.4814229508149091,0.5008119565139952,0.49439008767718584,0.4894286875912811,0.5039281246294636,0.4908538096291448,0.5094583169729368,0.48741434280468765,0.5026989182054044,0.5100804559685421
2023-06-01T22:05:00,0.5108503481705619,0.49713598768518896,0.4903725892401836,0.5023062135471262,0.48228817412816183,0.5002539054500208,0.5001588093614477,0.5133341198958671,0.4968449617372534,0.4892188727415033,0.5036340314848854,0.49523117151438334
2023-06-01T22:10:00,0.48909063323215796,0.4984504357197917,0.4869930446502203,0.49635176419549043,0.5055995954973994,0.5086098178113335,0.5056838293050169,0.49587084752549004,0.494952098424137,0.5005600779860453,0.5043100122806654,0.5018970504174136
2023-06-01T22:15:00,0.5078339882289432,0.5015765316924289,0.5017076058727495,0.49428659730537977,0.5020524084262669,0.5151186425165384,0.49788491011521596,0.4889925581823945,0.5000565873736477,0.48979916953301295,0.5103131148829161,0.5000429007905134
2023-06-01T22:20:00,0.5026756189331796,0.49631851934864596,0.4926313310063974,0.5084112782344374,0.49921245909025697,0.48398575648928516,0.4927216416615429,0.5020901951174456,0.5044671995734026,0.5017809789994624,0.4995406456315352,0.4878794341423078
2023-06-01T22:25:00,0.4971159591593754,0.5064347091722852,0.4943981951021812,0.497360927465772,0.5002301121249094,0.5057202526899673,0.5042374078226659,0.5013025686018387,0.5097831191538533,0.504351784683874,0.4911155701594955,0.4874694192979936
2023-06-01T22:30:00,0.5021527591906544,0.5026779320411675,0.5017635524432464,0.4913546064132698,0.49830595717436627,0.512554159055588,0.4953856740044907,0.49928042300743414,0.503500085329506,0.49389468206316706,0.5010526657057847,0.5018230434249478
2023-06-01T22:35:00,0.492359349980305,0.4961605156802287,0.49886220129838665,0.5033683211578814,0.4970175084526785,0.48945361054171455,0.5043149506590102,0.4965579983383957,0.49108866081943653,0.48651065841977087,0.5046371267757965,0.5096683141065295
2023-06-01T22:40:00,0.5130664945214524,0.4984367856442197,0.5004844390556408,0.5037480054955141,0.4969608919582188,0.502838390339145,0.4930180325376121,0.500660231525222,0.49517142135658215,0.509962199907641,0.5049357182776728,0.4987616386320889
2023-06-01T22:45:00,0.492444499540944,0.5008197340248575,0.4987022034355795,0.4891071656707699,0.5089566909541848,0.4901368593434935,0.49133836887920435,0.4946276770541231,0.5077420920714009,0.49653862969285767,0.5107595270983128,0.5018856233462228
2023-06-01T22:50:00,0.48795013508509705,0.5125192137902765,0.5006450861323555,0.5056466083987381,0.49059835002134705,0.5025785420324295,0.5020761841417216,0.5063979501615692,0.5102904843602196,0.4946455020328651,0.4996546621229525,0.4951745705894157
2023-06-01T22:55:00,0.5058060020183291,0.5030345876219459,0.5131610694806262,0.4895131129970845,0.4931527172041243,0.5042602187546922,0.5082187617612633,0.4963103044305386,0.5047244460538566,0.5050253369164579,0.4976190530088364,0.5008746199669132
2023-06-01T23:00:00,0.49059026165763536,0.5025734277785151,0.49717564083124116,0.49328066920221414,0.49088692742744766,0.5006908291129236,0.49828846394799137,0.5006094487999766,0.5032628261431374,0.48508440286006055,0.4968521892445809,0.5059890751700645
2023-06-01T23:05:00,0.508690849005153,0.5012621353192889,0.4993587491106129,0.49793719403230174,0.5113340801824802,0.510899760912799,0.5102245414687044,0.504031638241932,0.4983743995440804,0.5088970342607513,0.49568966602003445,0.502561762472824
2023-06-01T23:10:00,0.5040004954884411,0.5002226370338336,0.5010196417930111,0.5019881312497394,0.4957379892897548,0.5023047629267566,0.5002277376211974,0.48978542866043806,0.5110655340664949,0.5023728263583034,0.5105432923324861,0.5163382412075231
2023-06-01T23:15:00,0.48825561908320947,0.493241451462623,0.5171771813032788,0.508779843731498,0.49652157458250096,0.4900417444769507,0.48950538094960705,0.5094974493886455,0.5003975520012337,0.48743500442898663,0.48495613134246984,0.48769595654868086
2023-06-01T23:20:00,0.49015809055715204,0.5058448614083494,0.5093817762739832,0.49458105835499144,0.49053268399262984,0.4850295076663589,0.5000331808417555,0.5027816303022135,0.5027478134390233,0.4999407784717991,0.4983263344705393,0.5004887729070949
2023-06-01T23:25:00,0.5037303076103746,0.5106216011409165,0.5055900802428894,0.5002383960411946,0.4862799078162908,0.5001847592915217,0.49684850372397255,0.5036560478785301,0.4996876747644409,0.4971598326383902,0.49909909824316007,0.502265046350195
2023-06-01T23:30:00,0.5010446804557593,0.5052219597324564,0.501413762801818,0.4877957692282008,0.49957041833060545,0.5059599094082357,0.5128480953597675,0.4987676299905731,0.504443393790355,0.5135416456097879,0.5139254438736011,0.5137775762123286
2023-06-01T23:35:00,0.5083436375430991,0.5052908185902821,0.4987349285463917,0.5154078470196817,0.5103421208807697,0.5005347638523711,0.49414385620675716,0.5073171962030742,0.5068470151128566,0.49320149732907126,0.5016016140642311,0.503614445649255
2023-06-01T23:40:00,0.5077208038554746,0.4960020338339528,0.49995178407367674,0.4950757404826607,0.5135797869535255,0.5003964779562272,0.504421935796266,0.5002680910990419,0.4998312051736448,0.5051501067382167,0.49764034094278153,0.49655744949459707
2023-06-01T23:45:00,0.49588910202624026,0.5020317305781253,0.5012488427623902,0.501760831060412,0.5036490316486884,0.505177724402866,0.4988754051802411,0.49799504391597554,0.49756851593461576,0.49113077657415233,0.4980981550351568,0.4990891530232272
2023-06-01T23:50:00,0.5017918843677514,0.4916937844065115,0.4958479611610327,0.5016863437348813,0.49577747107524184,0.4893691650218563,0.49646203066041233,0.48855347912095937,0.4958981158070999,0.4866716183518602,0.49083388475507933,0.49837918042459173
2023-06-01T23:55:00,0.5132411504244148,0.4968133164610105,0.5120333740652838,0.5155950842210483,0.5027459310846981,0.5070564382066515,0.5042319038568778,0.497986539284519,0.4971952640397881,0.503783141741762,0.5047639458419262,0.5034941963058427
